{"type":"Deno","content":[{"toolkit_name":"check_files2_shinkai","name":"check files2","author":"Shinkai","js_code":"import { getHomePath, getAssetPaths } from './shinkai-local-support.ts';\n\ntype CONFIG = {};\ntype INPUTS = { url: string };\ntype OUTPUT = { filePath: string };\n\nexport async function run(config: CONFIG, inputs: INPUTS): Promise<OUTPUT> {\n    const response = await fetch(inputs.url);\n    if (!response.ok) {\n        throw new Error(`Failed to download image: ${response.statusText}`);\n    }\n    const imageData = await response.arrayBuffer();\n    const filePath = `${await getHomePath()}/downloaded_image.png`;\n    await Deno.writeFile(filePath, new Uint8Array(imageData));\n    const mounted_files = [];\n    for (const asset of await getAssetPaths()) {\n        mounted_files.push({ name: asset, data: await Deno.readTextFile(asset) });\n    }\n    return { filePath, mounted_files };\n}","tools":["local:::rust_toolkit:::shinkai_llm_prompt_processor","local:::rust_toolkit:::shinkai_process_embeddings"],"config":[],"description":"Downloads an image from a given URL and saves it to the local file system.","keywords":["image downloader","URL to image","file storage"],"input_args":{"type":"object","properties":{"image_url":{"type":"string","description":"image_url"}},"required":["image_url"]},"output_arg":{"json":""},"activated":false,"embedding":null,"result":{"type":"object","properties":{"file_path":{"file_path":"image_url","type":"string"}},"required":["file_path"]},"sql_tables":[],"sql_queries":[],"file_inbox":null,"oauth":[],"assets":["me-rename-2.txt"]},false]}