{"type":"Deno","content":[{"toolkit_name":"email_sender_my_local_aiarb_sep_shinkai","name":"Email Sender","author":"@@my_local_ai.arb-sep-shinkai","js_code":"type CONFIG = { smtpHost: string; smtpPort: number; smtpUser: string; smtpPass: string; };\ntype INPUTS = { title: string; content: string; recipient: string; };\ntype OUTPUT = {};\n\nexport async function run(config: CONFIG, inputs: INPUTS): Promise<OUTPUT> {\n    const transporter = nodemailer.createTransport({\n        host: config.smtpHost,\n        port: config.smtpPort,\n        secure: config.smtpPort === 465,\n        auth: {\n            user: config.smtpUser,\n            pass: config.smtpPass\n        }\n    });\n    await transporter.sendMail({ from: config.smtpUser, to: inputs.recipient, subject: inputs.title, text: inputs.content });\n    return {};\n}","tools":[],"config":[{"BasicConfig":{"key_name":"smtpHost","description":"string","required":true,"key_value":null}},{"BasicConfig":{"key_name":"smtpPass","description":"string","required":true,"key_value":null}},{"BasicConfig":{"key_name":"smtpPort","description":"number","required":true,"key_value":null}},{"BasicConfig":{"key_name":"smtpUser","description":"string","required":true,"key_value":null}}],"description":"A simple email sender using Nodemailer in Deno.","keywords":["Nodemailer","Deno","email"],"input_args":[{"name":"content","arg_type":"string","description":"","is_required":true},{"name":"recipient","arg_type":"string","description":"","is_required":true},{"name":"title","arg_type":"string","description":"","is_required":true}],"output_arg":{"json":""},"activated":false,"embedding":null,"result":{"type":"object","properties":{},"required":[]},"sql_tables":[],"sql_queries":[],"file_inbox":null,"oauth":null},false]}